ALOI,Annthyroid,Arrhythmia,Cardiotocography,Glass,HeartDisease,InternetAds,KDDCup99,Lymphography,PageBlocks,Parkinson,PenDigits,Pima,Shuttle,SpamBase,Stamps,Waveform,WBC,WDBC,WPBC,T21,T15,Hepatitis,Wilt
0.03044250645994832,0.07490531631364848,0.0996309963099631,0.049596309111880045,0.04205607476635514,0.0963855421686747,0.04994054696789536,0.004156880676740174,0.04054054054054054,0.10232048236798831,0.09433962264150944,0.002026753141467369,0.049429657794676805,0.012833168805528134,0.04998121007140173,0.09117647058823529,0.02904443799012489,0.04484304932735426,0.027247956403269755,0.05625,0.05289318709816846,0.0668486646884273,0.04285714285714286,0.019978517722878626
